<?xml version='1.0' encoding='UTF-8' ?>
<timeLogEntries>
  <time id="1" path="/Proyecto/Sesion 5/PSP0/Planning" start="@1573577284429" delta="4" />
  <time id="2" path="/Proyecto/Sesion 5/PSP0/Planning" start="@1573577869162" delta="1" />
  <time id="3" path="/Proyecto/Sesion 5/PSP0/Design" start="@1573577951062" delta="6" />
  <time id="4" path="/Proyecto/Sesion 5/PSP0/Code" start="@1573578312835" delta="34" />
  <time id="5" path="/Proyecto/Sesion 5/PSP0/Test" start="@1573580521615" delta="7" />
  <time id="6" path="/Proyecto/Sesion 5/PSP0/Postmortem" start="@1573580941775" delta="3" />
  <time id="7" path="/new/PracticaPSM/PSP0/Planning" start="@1574785736809" delta="3" />
  <time id="8" path="/new/PracticaPSM/PSP0/Design" start="@1574785971659" delta="38" />
  <time id="9" path="/new/PracticaPSM/PSP0/Code" start="@1574788228131" delta="41" />
</timeLogEntries>
